reporter,reporter_name,commodity,imports_usd,exports_usd,ratio,role
156,China,2504,58684439.0,285471018.0,0.8294827590079444,source
276,Germany,2504,56862381.667,30769117.686,0.35111937959722517,processor
76,Brazil,2504,965784.0,22169012.0,0.9582540516026162,source
842,USA,2504,162901778.0,22034542.0,0.11914664463962514,sink
528,Netherlands,2504,12730182.02,18865783.498999998,0.5970946982979584,processor
124,Canada,2504,6349963.033,13530097.805,0.6805863380024331,processor
40,Austria,2504,9569391.639,8063732.657,0.4573059499631171,processor
392,Japan,2504,82039994.44700001,5767774.757,0.06568638298508618,sink
203,Czechia,2504,5522097.0,5594665.0,0.5032639000457148,processor
826,United Kingdom,2504,6813300.033,2952129.429,0.30230410659229645,processor
484,Mexico,2504,5959808.0,2669638.0,0.3093637760755441,processor
410,Rep. of Korea,2504,110404530.0,1736629.0,0.01548609819522197,sink
752,Sweden,2504,3773835.021,1146165.372,0.2329604228549906,sink
724,Spain,2504,6027948.979,1136899.751,0.1586774255595484,sink
792,Türkiye,2504,9271751.0,1043772.0,0.10118459335508244,sink
699,India,2504,34903036.411,996463.377,0.02775702677988523,sink
704,Viet Nam,2504,2154115.189,547370.0,0.20261817544985994,sink
616,Poland,2504,56020433.0,473059.0,0.008373690194261669,sink
380,Italy,2504,6618985.857,447335.967,0.06330534868659274,sink
56,Belgium,2504,1859048.0429999998,415295.269,0.18260007924432475,sink
764,Thailand,2504,3525078.798,372466.715,0.09556442991048147,sink
458,Malaysia,2504,1005064.9679999999,251693.65000000002,0.2002720700658844,sink
208,Denmark,2504,1061503.105,191194.02200000003,0.15262589645900898,sink
710,South Africa,2504,871935.779,183446.3,0.17381979820409665,sink
702,Singapore,2504,1202285.704,144691.611,0.10741948612549575,sink
36,Australia,2504,812216.7050000001,48524.737,0.05637550910439374,sink
152,Chile,2504,223217.517,25443.0,0.10232022480673922,sink
360,Indonesia,2504,3412964.0,24711.475,0.007188425777741571,sink
246,Finland,2504,1232365.096,23960.914,0.019072210405004668,sink
372,Ireland,2504,299506.002,3134.599,0.010357496613615305,sink
156,China,2805,23689426.0,541036207.0,0.9580514419468542,source
764,Thailand,2805,28248572.055,111017977.85,0.7971618305022302,source
276,Germany,2805,362659407.162,79665537.228,0.18010636351939158,sink
842,USA,2805,97579668.0,50841940.0,0.3425507962425525,processor
392,Japan,2805,368418728.416,15756495.061,0.04101382415657869,sink
528,Netherlands,2805,18562898.532,12583675.524,0.4040147562096291,processor
699,India,2805,89724951.429,3300229.338,0.03547673125479948,sink
826,United Kingdom,2805,51653645.779,3204710.127,0.058417903235949746,sink
124,Canada,2805,18800661.87,1782919.91,0.08661854525884172,sink
792,Türkiye,2805,8696817.0,1642376.0,0.15884953496854154,sink
702,Singapore,2805,51541864.861999996,639812.363,0.012261245652208912,sink
40,Austria,2805,1441428.382,605209.833,0.29570924092219203,sink
410,Rep. of Korea,2805,35350934.0,539727.0,0.015038090270892476,sink
56,Belgium,2805,8678360.885,484421.49500000005,0.05286838374087851,sink
724,Spain,2805,5914579.674,438918.43,0.06908295600555357,sink
710,South Africa,2805,3583288.892,343080.663,0.08737859699505539,sink
380,Italy,2805,9035428.757,327957.423,0.03502551498949283,sink
752,Sweden,2805,959363.3200000001,276433.11,0.22368822509060005,sink
458,Malaysia,2805,150919564.13300002,152000.047,0.0010061459800528292,sink
203,Czechia,2805,2994262.0,142566.0,0.04544909698587235,sink
36,Australia,2805,506119.61000000004,46055.948000000004,0.08340816128626975,sink
616,Poland,2805,11736609.0,42346.0,0.0035950557583418904,sink
372,Ireland,2805,218762.267,32474.820999999996,0.1292596616945345,sink
76,Brazil,2805,4887800.0,24035.0,0.004893283263790417,sink
152,Chile,2805,534789.638,20000.0,0.03604969997655219,sink
360,Indonesia,2805,21344874.0,12543.525,0.0005873146875232988,sink
208,Denmark,2805,236336.60700000002,9348.445,0.03805052413200946,sink
246,Finland,2805,2343436.724,1.081,4.612881117192697e-07,sink
484,Mexico,2805,3298639.0,0.0,0.0,sink
704,Viet Nam,2805,3799860.15,0.0,0.0,sink
156,China,2825,523739316.0,8386353265.0,0.9412195427557253,source
152,Chile,2825,7676651.834,1266952926.6,0.993977346859131,source
842,USA,2825,785541555.0,751916775.0,0.48906481582495964,processor
36,Australia,2825,20353847.397,390436804.499,0.9504520190441116,source
528,Netherlands,2825,157724570.341,363081451.926,0.6971529444793174,processor
276,Germany,2825,250256081.808,258485294.863,0.5080878157668722,processor
410,Rep. of Korea,2825,10555594389.0,233375696.0,0.021630952181845818,sink
392,Japan,2825,1684924011.399,220026518.576,0.11550248424503054,sink
76,Brazil,2825,29893223.0,202861859.0,0.8715679041542904,source
704,Viet Nam,2825,35074741.745,202806896.393,0.8525538077695075,source
56,Belgium,2825,87824307.888,155059388.708,0.6384100327899639,processor
710,South Africa,2825,32315913.239,107182001.72399999,0.768341245476168,source
616,Poland,2825,104834660.0,96885254.0,0.48029593151621114,processor
826,United Kingdom,2825,126460589.32100001,65469961.967,0.3411127698412095,processor
699,India,2825,327464545.523,65065405.394,0.1657590847322578,sink
702,Singapore,2825,96381392.131,50174919.145,0.3423593205106591,processor
380,Italy,2825,115750807.026,43709228.643,0.2741077315054015,sink
764,Thailand,2825,101414762.505,42395645.975,0.29480234722298315,sink
458,Malaysia,2825,40763057.323,36778219.808,0.47430505620723834,processor
724,Spain,2825,52489596.515,29620744.764000002,0.36074316952785107,processor
203,Czechia,2825,123610436.0,28594239.0,0.18786702182439535,sink
124,Canada,2825,119697232.492,22684068.365000002,0.15931915376853203,sink
752,Sweden,2825,203242707.301,19494896.003,0.08752404494715106,sink
792,Türkiye,2825,80658338.0,10090046.0,0.11118705981585303,sink
40,Austria,2825,16303978.088,5652669.066000001,0.25744682356796966,sink
360,Indonesia,2825,45786013.0,4570375.359999999,0.09076058686588459,sink
484,Mexico,2825,41499903.0,2970991.0,0.06680753933123089,sink
208,Denmark,2825,35378547.973000005,1934079.481,0.05183444889761206,sink
246,Finland,2825,14742259.65,1536149.679,0.09436730874332716,sink
372,Ireland,2825,5476755.312,107506.21399999999,0.01925164383857333,sink
152,Chile,2836,329125259.18499994,4240700936.42,0.9279786046345628,source
842,USA,2836,514337835.0,2292946229.0,0.8167845421858955,source
156,China,2836,6624527760.0,1629793541.0,0.19744731051389441,sink
792,Türkiye,2836,125592157.0,1517460425.0,0.9235616934138995,source
276,Germany,2836,432087935.286,565167587.179,0.5667229455716906,processor
410,Rep. of Korea,2836,2770079924.0,486322759.0,0.1493435567839446,sink
528,Netherlands,2836,413342114.16499996,251844113.137,0.3786069266023163,processor
724,Spain,2836,267588379.852,250310811.001,0.4833195637721086,processor
56,Belgium,2836,184797827.551,209221599.086,0.5309931057758492,processor
699,India,2836,520647138.756,196088166.715,0.27358519277369964,sink
826,United Kingdom,2836,305422306.10899997,134414404.727,0.3056006954751863,processor
616,Poland,2836,164904721.0,130434665.0,0.4416433133642392,processor
392,Japan,2836,1229756647.203,48679850.399000004,0.03807764444327911,sink
380,Italy,2836,326508036.07600003,48419443.44,0.12914349063585695,sink
36,Australia,2836,146245370.93800002,45600398.214999996,0.23769300942275645,sink
458,Malaysia,2836,249491198.848,44778031.071,0.15216688161152808,sink
764,Thailand,2836,294086037.78900003,42169609.12,0.12540937083924197,sink
372,Ireland,2836,30108828.666,28608794.436,0.4872267119243379,processor
702,Singapore,2836,20548862.612,25702870.992,0.5557169210577899,processor
76,Brazil,2836,543655347.0,18172039.0,0.03234452334083978,sink
203,Czechia,2836,124193621.0,15599657.0,0.11159089494989881,sink
124,Canada,2836,171852272.194,13780376.219999999,0.07423465827663488,sink
484,Mexico,2836,469098022.0,13176042.0,0.027320652267130832,sink
710,South Africa,2836,201014630.032,12453755.074000001,0.058340044441784464,sink
752,Sweden,2836,45093751.729,11339600.92,0.20093792744388608,sink
40,Austria,2836,78607078.208,9337975.286,0.10617965326085199,sink
704,Viet Nam,2836,243180292.685,8808239.315,0.034954921341420406,sink
360,Indonesia,2836,381235544.0,5017241.311,0.012989527847573337,sink
208,Denmark,2836,72544100.578,4198459.134,0.054708354135645273,sink
246,Finland,2836,15100580.175,2231687.613,0.12875912375096749,sink
156,China,2846,1881334377.0,528357420.0,0.21926348450776587,sink
458,Malaysia,2846,7292924.379,472345289.089,0.9847949471618016,source
842,USA,2846,181268698.0,363640433.0,0.667341419536609,processor
392,Japan,2846,303049221.768,248908519.59600002,0.45095575429542184,processor
699,India,2846,12755668.442,54723026.321,0.8109674692612134,source
528,Netherlands,2846,11706423.915000001,23682051.283,0.6692023646257131,processor
410,Rep. of Korea,2846,83831942.0,23352750.0,0.21787392923608906,sink
276,Germany,2846,77534282.646,17190140.88,0.18147527575379377,sink
380,Italy,2846,8298356.05,10093373.331,0.5487995784359023,processor
710,South Africa,2846,5514934.601,6280537.474,0.5324532527452913,processor
826,United Kingdom,2846,8509347.27,4436486.47,0.3426960796114782,processor
764,Thailand,2846,97427467.94500001,3024285.695,0.03010684816751398,sink
616,Poland,2846,8639209.0,2376348.0,0.2157265402012808,sink
124,Canada,2846,4609737.125,1066309.1940000001,0.1878612565987413,sink
792,Türkiye,2846,15261368.0,1017782.0,0.0625205861485397,sink
40,Austria,2846,1080851.25,1002555.5079999999,0.4812096841628849,processor
36,Australia,2846,796116.646,585559.547,0.42380374646869234,processor
56,Belgium,2846,4154474.0960000004,493605.453,0.10619556911546307,sink
724,Spain,2846,13301808.222000001,472085.08999999997,0.03427390348585851,sink
702,Singapore,2846,10041333.092999998,465221.015,0.044279124270227385,sink
203,Czechia,2846,2712599.0,302772.0,0.10040953501244125,sink
246,Finland,2846,1926645.517,173679.854,0.08269188021916249,sink
76,Brazil,2846,3789178.0,15744.0,0.004137798356970261,sink
752,Sweden,2846,628831.128,13006.398,0.020264315302748435,sink
372,Ireland,2846,17505855.735999998,12521.091,0.0007147403622864199,sink
152,Chile,2846,83072.44,722.96,0.008627681233098714,sink
208,Denmark,2846,555969.258,0.0,0.0,sink
360,Indonesia,2846,771831.0,0.0,0.0,sink
484,Mexico,2846,5957903.0,0.0,0.0,sink
152,Chile,7403,2346484.288,16928436241.504,0.9998614072174924,source
392,Japan,7403,87304663.207,6071888315.723,0.9858253080386244,source
36,Australia,7403,17451279.129,3375300355.229,0.9948563051440981,source
616,Poland,7403,89537958.0,2617046594.0,0.9669184700201452,source
156,China,7403,34227560359.0,2422184729.0,0.06609008393330083,sink
410,Rep. of Korea,7403,2290721460.0,1873520105.0,0.4499066818665694,processor
276,Germany,7403,4253288141.746,1834153184.203,0.3013011684210468,processor
842,USA,7403,6858031880.0,1613223610.0,0.1904350083531715,sink
56,Belgium,7403,346057314.248,1399069147.943,0.8017007238469548,source
124,Canada,7403,216213282.98800004,1259612340.831,0.8534967278664642,source
360,Indonesia,7403,815559667.0,1164190057.6490002,0.5880491069927565,processor
40,Austria,7403,292401974.65500003,1003351769.6190001,0.774338313937244,source
724,Spain,7403,1003806684.855,982339894.793,0.49459586963974117,processor
528,Netherlands,7403,674003313.3249999,782638570.5359999,0.5372896243114503,processor
246,Finland,7403,284865389.645,591599639.3280001,0.67498373554186,processor
710,South Africa,7403,209448754.833,491748827.687,0.7012985211953067,source
752,Sweden,7403,594104703.16,477485274.677,0.4455857973222203,processor
699,India,7403,2879201322.585,402901727.371,0.12275718380518287,sink
702,Singapore,7403,422083893.38500005,378698729.61700004,0.47291077345974597,processor
764,Thailand,7403,3124949558.978,323963976.61899996,0.09393218278025704,sink
380,Italy,7403,4979487078.69,277191255.371,0.052731256842352456,sink
484,Mexico,7403,1182459539.0,258611205.0,0.1794576748412568,sink
792,Türkiye,7403,3673765506.0,234147680.0,0.05991629518251023,sink
704,Viet Nam,7403,1771168955.649,149602575.274,0.07788671003578992,sink
458,Malaysia,7403,2125204621.679,109336129.084,0.048930022442717325,sink
826,United Kingdom,7403,160436537.00300002,39582529.206,0.19789378060909552,sink
203,Czechia,7403,34452854.0,28090321.0,0.4491348736292969,processor
76,Brazil,7403,1997376767.0,24138775.0,0.01194092971262449,sink
208,Denmark,7403,15806500.486,3976354.053,0.20100001469257125,sink
372,Ireland,7403,1129739.728,398002.00399999996,0.2605165491414356,sink
124,Canada,7502,18200108.634999998,2381394965.843,0.9924153417263705,source
528,Netherlands,7502,810747570.174,1190431451.95,0.5948650464497207,processor
246,Finland,7502,0.0,971534608.981,1.0,source
156,China,7502,2186111670.0,806817374.0,0.26957450782785747,sink
826,United Kingdom,7502,300699226.909,790681100.859,0.7244780584198682,source
710,South Africa,7502,307870.561,738100980.5780001,0.9995830622012113,source
392,Japan,7502,1065736299.032,528119285.045,0.33134701181276305,processor
842,USA,7502,2345169779.0,314107673.0,0.11811767619951226,sink
702,Singapore,7502,343262108.01199996,299456799.191,0.4659218763209931,processor
276,Germany,7502,1298770899.57,277433899.691,0.17601386559733498,sink
56,Belgium,7502,414433228.01600003,136507488.736,0.24777164690379447,sink
458,Malaysia,7502,91910885.945,117428516.505,0.5609479874819429,processor
410,Rep. of Korea,7502,882494477.0,103307507.0,0.10479539367614013,sink
380,Italy,7502,800508686.201,54792807.236,0.0640625646704029,sink
360,Indonesia,7502,8813302.0,37757916.87,0.8107564668942494,source
792,Türkiye,7502,137006313.0,35272423.0,0.20474043296904615,sink
752,Sweden,7502,520955488.47999996,13679056.301,0.025585807042459805,sink
616,Poland,7502,85821535.0,12433629.0,0.12654428015610455,sink
40,Austria,7502,405572351.42,10707957.763999999,0.025722950444112828,sink
699,India,7502,754442456.105,10221519.666,0.013367335182350892,sink
724,Spain,7502,326315500.051,5218173.176,0.015739496761244927,sink
203,Czechia,7502,73769745.0,2090665.0,0.02755936858237386,sink
76,Brazil,7502,159922255.0,1803151.0,0.011149460338964924,sink
764,Thailand,7502,42510386.304,1025891.3110000001,0.023564056625882488,sink
704,Viet Nam,7502,26570964.515,631722.473,0.023222796824397294,sink
208,Denmark,7502,12928000.019000001,121266.332,0.009292961668355172,sink
152,Chile,7502,1315396.23,90496.41,0.06436936038017811,sink
372,Ireland,7502,34010509.71,80687.508,0.0023668135643355273,sink
36,Australia,7502,87170818.759,0.0,0.0,sink
484,Mexico,7502,58463118.0,0.0,0.0,sink
124,Canada,8105,42923668.347,420424524.167,0.9073619600972047,source
842,USA,8105,394172524.0,416170994.0,0.5135735459785586,processor
826,United Kingdom,8105,167406575.259,226032702.93400002,0.5745046706371818,processor
156,China,8105,2657032206.0,197703112.0,0.06925444567607371,sink
276,Germany,8105,151966931.401,164203130.773,0.5193506609826739,processor
392,Japan,8105,283279537.839,130567109.376,0.31549635657231334,processor
56,Belgium,8105,99804536.086,123427543.477,0.5529113186537628,processor
36,Australia,8105,9345600.056,98867166.671,0.9136368070176308,source
528,Netherlands,8105,67878812.049,72793327.149,0.5174679759901948,processor
458,Malaysia,8105,53790828.149000004,65801082.638000004,0.5502134902351002,processor
792,Türkiye,8105,26101728.0,30096933.0,0.5355453753604557,processor
699,India,8105,106009951.271,22597842.067,0.17571129618567968,sink
40,Austria,8105,34465257.769999996,15282777.184,0.30720363524170086,processor
702,Singapore,8105,60697376.941,14594673.67,0.1938408311576488,sink
710,South Africa,8105,1468201.817,14500311.457,0.9080564488498417,source
410,Rep. of Korea,8105,158866352.0,9517615.0,0.05652328526028847,sink
372,Ireland,8105,63494541.357999995,8496562.321,0.11802239286239019,sink
380,Italy,8105,47698507.587,7672601.0309999995,0.13856686677401645,sink
203,Czechia,8105,7651184.0,2643148.0,0.2567576021445588,sink
752,Sweden,8105,13950871.193,2621260.695,0.15817281160416502,sink
724,Spain,8105,29837135.055,1355193.57,0.043446373827757144,sink
76,Brazil,8105,33844424.0,1005052.0,0.02883980235456051,sink
484,Mexico,8105,6597872.0,989273.0,0.13038804451476807,sink
616,Poland,8105,4930090.0,368506.0,0.0695478575834051,sink
764,Thailand,8105,14961046.832,209390.60900000003,0.013802542597360823,sink
246,Finland,8105,1767376.8080000002,64175.454000000005,0.03503883308790891,sink
360,Indonesia,8105,2713156.0,58541.79,0.021121274552807576,sink
208,Denmark,8105,648334.2000000001,21325.592999999997,0.03184541348146908,sink
704,Viet Nam,8105,9835284.243,20086.004,0.0020380770581515423,sink
152,Chile,8105,430434.72000000003,0.0,0.0,sink
